time_sec,psi_deg,target_psi_deg,angle_error_deg,omega_rad_s,u_cmd,roll_deg,pitch_deg,body_roll_deg,body_pitch_deg,moment_nm,horizon,mpc_cost,q_angle,q_terminal,q_omega,r_u,r_du,settled
0.1,0.07136318568653931,90.0,89.92863681431346,0.012455225549422008,0.06,7.0,0.0,7.0,0.0,-5461.499082374406,38.0,545.7688417075921,8.72819987764992,152.76899449424644,1.0912799510599684,0.0327307495411872,4.092299816474881,0
0.2,0.21408469133156183,90.0,89.78591530866844,0.024909601869093162,0.12,6.999994543181203,0.008762295085313303,7.0,0.0,-5461.144581861301,38.0,514.1227505499286,8.72815261091484,152.7668674911678,1.091261044365936,0.03273057229093065,4.09222891637226,0
0.30000000000000004,0.42815182988054584,90.0,89.57184817011945,0.037361763880026475,0.18,6.999950890916247,0.026286231811822113,7.0,0.0,-5460.410191060688,38.0,483.45933354211564,8.728054692141425,152.7624611463641,1.0912218768565702,0.032730205095530346,4.092082038212138,0
0.4,0.7135426999353343,90.0,89.28645730006467,0.04981010337587348,0.24,6.999803580486949,0.05256993042012734,7.0,0.0,-5459.245164709403,38.0,454.0725969676931,8.727899355294587,152.7554709882564,1.0911597421178347,0.0327296225823547,4.09184903294188,0
0.5,1.0702239244813476,90.0,88.92977607551865,0.06225261748373151,0.3,6.999454461756325,0.0876096941535045,7.0,0.0,-5457.573454275507,38.0,426.2479641830204,8.727676460570068,152.74544072565303,1.091070584228027,0.032728786727137756,4.091514690855101,0
0.6000000000000001,1.4981475250652778,90.0,88.50185247493472,0.0746867577717871,0.36,6.998772766376187,0.13139910303642757,7.0,0.0,-5455.293797962897,38.0,403.90530401958404,8.727372506395053,152.73176278777737,1.0909490025580213,0.032727646898981444,4.091058759592579,0
0.7000000000000001,1.9988448049497163,90.0,88.00115519505029,0.08738816089763021,0.42,6.997595225085963,0.18392779400140502,7.0,0.0,-5452.279860314109,38.0,382.3757532150082,8.726970648041881,152.71367916188464,1.0907882592167526,0.03272613993015705,4.090455972062822,0
0.8,2.5754528608623177,90.0,87.42454713913769,0.10063709069198448,0.48,6.995719413810484,0.2453760011834853,7.0,0.0,-5448.3672893155945,37.0,357.5442197739945,8.726448971908745,152.6902037358936,1.0905795887634984,0.03272418364465779,4.089673457863119,0
0.9,3.2494572465089546,90.0,86.75054275349105,0.11763595702415425,0.54,6.9928940538453945,0.3161161620022152,7.0,0.0,-5443.346120339837,37.0,343.18929872748276,8.725779482711978,152.660076722039,1.0903117930847912,0.03272167306016992,4.088669224067967,0
1.0,4.031603130786666,90.0,85.96839686921334,0.13651020911568632,0.6000000000000001,6.988689257452811,0.398762892354789,7.0,0.0,-5436.7780949753715,37.0,324.4507375665129,8.724903745996716,152.62066856985223,1.0899614983986865,0.03271838904748769,4.087355618995074,0
1.1,4.988856050758357,90.0,85.01114394924164,0.1670721522783577,0.6600000000000001,6.982591578656162,0.49459794627504056,7.0,0.0,-5428.213351976319,37.0,314.7714961664472,8.723761780263509,152.56928011185792,1.0895047121054038,0.032714106675988154,4.085642670395265,0
1.2000000000000002,6.200600295743199,90.0,83.7993997042568,0.2114892676707829,0.7200000000000002,6.973349442930393,0.6117575282516265,7.0,0.0,-5416.3549600544375,36.0,291.95915660857025,8.722180661340591,152.49812976032663,1.0888722645362368,0.03270817748002722,4.083270992010888,0
1.3,7.825358350721089,90.0,82.17464164927891,0.28357377607663226,0.7800000000000002,6.958845664912266,0.7598082105609708,7.0,0.0,-5399.176692709255,36.0,268.83855329760087,8.719890225694567,152.3950601562555,1.087956090277827,0.03269958834635462,4.0798353385418515,0
1.4000000000000001,9.8662518703388,90.0,80.1337481296612,0.35620311599944515,0.8400000000000003,6.934492049493537,0.9577595859589848,7.0,0.0,-5372.356115994425,36.0,260.4588712757373,8.716314148799256,152.23413669596655,1.0865256595197026,0.03268617805799721,4.074471223198885,0
1.5,12.18560479215744,90.0,77.81439520784257,0.4048034500148588,0.8800000000000017,6.895966325125967,1.2052675365309689,7.0,0.0,-5332.54998267898,35.0,240.25614038467958,8.711006664357198,151.99529989607387,1.0844026657428791,0.03266627499133949,4.066509996535796,0
1.6,14.504238310686558,90.0,75.49576168931344,0.40467789045434077,0.8800000000000017,6.841519988823859,1.4846178019961505,7.0,0.0,-5279.106301035199,34.0,221.14343112905223,8.703880840138027,151.6746378062112,1.0815523360552106,0.0326395531505176,4.05582126020704,0
1.7000000000000002,16.682090419938824,90.0,73.31790958006117,0.38010689927955293,0.8600000000000017,6.775840419419611,1.76138136033113,7.0,0.0,-5217.03786290432,33.0,203.10147454733092,8.695605048387243,151.30222717742592,1.0782420193548972,0.03260851893145216,4.043407572580864,0
1.8,18.858862339956655,90.0,71.14113766004334,0.3799183706926979,0.8600000000000017,6.704003828590915,2.01864989216794,7.0,0.0,-5150.960117303816,33.0,185.27149512862204,8.686794682307175,150.90576070382292,1.0747178729228704,0.03257548005865191,4.0301920234607636,0
1.9000000000000001,21.034433128701277,90.0,68.96556687129872,0.379708733738037,0.8600000000000017,6.6224928802035405,2.2727988726500823,7.0,0.0,-5077.484059430423,32.0,169.28941203148696,8.676997874590723,150.46490435658254,1.0707991498362892,0.03253874202971521,4.015496811886084,0
2.0,23.208683840456757,90.0,66.79131615954324,0.37947833683963317,0.8600000000000017,6.531449532403071,2.523445546630229,7.0,0.0,-4996.731809101517,31.0,154.26866225381707,8.666230907880202,149.9803908546091,1.0664923631520808,0.032498365904550755,3.9993463618203036,0
2.1,25.24066225227858,90.0,64.75933774772143,0.35464713615736065,0.8400000000000016,6.431031514367453,2.770215319391503,7.0,0.0,-4908.837141183276,31.0,150.50599453512834,8.654511618824436,149.45302284709965,1.0618046475297749,0.032454418570591635,3.9817674282366555,0
2.2,27.27093791495094,90.0,62.72906208504906,0.3543499503674249,0.8400000000000016,6.328794760333414,2.997153142487014,7.0,0.0,-4820.306911579019,30.0,137.27644672941375,8.642707588210536,148.92184146947412,1.0570830352842144,0.03241015345578951,3.964061382315804,0
2.3000000000000003,29.299395904355517,90.0,60.70060409564448,0.3540327065349411,0.8400000000000016,6.218683801771078,3.2200508501422744,7.0,0.0,-4725.8014867523725,29.0,124.86825117780937,8.630106864900316,148.35480892051424,1.0520427459601265,0.03236290074337619,3.9451602973504745,0
2.4000000000000004,31.325923982671647,90.0,58.674076017328346,0.353695873507299,0.8400000000000016,6.10086819843546,3.4386246197725003,7.0,0.0,-4625.460534104871,29.0,112.56913784956546,8.616728071213982,147.75276320462925,1.0466912284855932,0.032312730267052434,3.9250921068209745,0
2.5,33.350412750226965,90.0,56.649587249773035,0.35333994663482526,0.8400000000000016,5.975528152186928,3.6525994945952087,7.0,0.0,-4519.431616136646,28.0,101.74673964412617,8.602590882151553,147.1165896968199,1.0410363528606212,0.03225971580806832,3.9038863232273293,0
2.6,35.37275579074207,90.0,54.62724420925793,0.35296544661781537,0.8400000000000016,5.842854026128427,3.8617098097425773,7.0,0.0,-4407.869846982581,27.0,91.66308351458497,8.587715979597677,146.4472190818955,1.035086391839071,0.03220393492349129,3.8815739693965163,0
2.7,37.3928498097246,90.0,52.6071501902754,0.3525729183109002,0.8400000000000016,5.70304584595035,4.065699577970538,7.0,0.0,-4290.93753623893,27.0,82.18339412753853,8.572125004831857,145.74562521743357,1.028850001932743,0.03214546876811947,3.858187507247786,0
2.8000000000000003,39.41059476579685,90.0,50.58940523420315,0.35216292948969097,0.8400000000000016,5.556312786143946,4.264322834564492,7.0,0.0,-4168.803821552653,26.0,73.50834917555001,8.555840509540353,145.01282292931592,1.0223362038161417,0.03208440191077632,3.8337607643105307,0
2.9000000000000004,41.425893994769055,90.0,48.574106005230945,0.3517360695846804,0.8400000000000016,5.402872643739259,4.457343941368049,7.0,0.0,-4041.6442914566724,25.0,65.48841437877375,8.538885905527556,144.24986574874004,1.0155543622110226,0.03202082214572833,3.808328858291335,0
3.0,43.29493489467929,90.0,46.70506510532071,0.3262091755787131,0.8200000000000016,5.242951302196192,4.644537850172978,7.0,0.0,-3909.6405999366452,25.0,62.35141653800929,8.521285413324886,143.45784359961988,1.0085141653299545,0.03195482029996832,3.781928119987329,0
3.1,45.16117219244849,90.0,44.83882780755151,0.3257198546959435,0.8200000000000016,5.088856620997708,4.812952333103229,7.0,0.0,-3782.894445751528,24.0,55.544156373393605,8.504385926100204,142.69736667450917,1.0017543704400815,0.03189144722287576,3.7565788891503056,0
3.2,47.02452133225644,90.0,42.97547866774356,0.3252157760385303,0.8200000000000016,4.929614343836862,4.975948055249955,7.0,0.0,-3652.3256646435198,23.0,49.27283496290982,8.486976755285802,141.91395398786113,0.9947907021143211,0.03182616283232176,3.730465132928704,0
3.3000000000000003,48.88490134496758,90.0,41.11509865503242,0.3246975656010336,0.8200000000000016,4.765427432530949,5.133373690935632,7.0,0.0,-3518.0964046137046,23.0,43.493715597720296,8.46907952061516,141.10857842768223,0.9876318082460642,0.03175904820230685,3.703619280922741,0
3.4000000000000004,50.742234918236555,90.0,39.257765081763445,0.32416586161374833,0.8200000000000016,4.596503056863803,5.285086778121965,7.0,0.0,-3380.371983019724,22.0,38.22689303481434,8.45071626440263,140.28223189811834,0.980286505761052,0.031690185991509856,3.676074396603945,0
3.5,52.59644845976049,90.0,37.40355154023951,0.32362131334657207,0.8200000000000016,4.423052176680173,5.430953753294578,7.0,0.0,-3239.320576748024,21.0,33.42380830321927,8.43190941023307,139.43592346048814,0.972763764093228,0.03161966028837401,3.6478641153496048,0
3.6,54.301401761780824,90.0,35.698598238219176,0.29757048713004075,0.8000000000000016,4.245289128285032,5.570849961812318,7.0,0.0,-3095.1129137755215,21.0,31.292359668288476,8.412681721836735,138.5706774826531,0.9650726887346945,0.031547556456887754,3.6190225827551044,0
3.7,56.00296769069657,90.0,33.99703230930343,0.29697927899335697,0.8000000000000016,4.077937599430032,5.69431569197439,7.0,0.0,-2959.6510788462947,20.0,27.342084430849162,8.394620143846172,137.75790647307778,0.957848057538469,0.03147982553942314,3.591930215769259,0
3.8000000000000003,57.70108766686883,90.0,32.29891233313117,0.2963778467809362,0.8000000000000016,3.9073479315483186,5.812491644730467,7.0,0.0,-2821.846630590481,20.0,23.8216167128158,8.376246217412064,136.93107978354288,0.9504984869648256,0.031410923315295235,3.564369326118096,0
3.9000000000000004,59.39570664408268,90.0,30.60429335591732,0.2957668071916051,0.8000000000000016,3.7336981292634,5.925305491068481,7.0,0.0,-2681.8408714521047,19.0,20.5841159682758,8.35757878286028,136.09104522871263,0.9430315131441124,0.03134092043572605,3.536368174290421,0
4.0,60.94940481890895,90.0,29.05059518109105,0.2711714873294501,0.7800000000000016,3.5571671682087933,6.032691540655678,7.0,0.0,-2539.7758137466135,19.0,18.947459526853223,8.338636775166215,135.23865488247966,0.9354547100664861,0.0312698879068733,3.5079551627493224,0
4.1000000000000005,62.49981749129661,90.0,27.50018250870339,0.2705980589780892,0.7800000000000016,3.3926048769713915,6.126511381198618,7.0,0.0,-2407.5694472180157,18.0,16.336130683407657,8.321009259629069,134.44541668330808,0.9284037038516275,0.031203784723609004,3.481513889443603,0
4.2,64.04690774869458,90.0,25.953092251305424,0.2700181881712107,0.7800000000000016,3.225929263611309,6.215645185002775,7.0,0.0,-2273.8777449304444,17.0,13.992688913404722,8.303183699324059,133.64326646958267,0.9212734797296238,0.03113693887246522,3.454775548986089,0
4.3,65.45333521272595,90.0,24.54666478727405,0.2454678993782152,0.7600000000000016,3.0572814586592636,6.3000585260718145,7.0,0.0,-2138.81248762479,17.0,12.92575588119054,8.285174998349971,132.83287492574874,0.9140699993399889,0.03106940624381239,3.427762497524958,0
4.4,66.85669681813624,90.0,23.143303181863754,0.2449328061048323,0.7600000000000016,2.9020513180168557,6.372822212408801,7.0,0.0,-2014.6712116213678,16.0,11.062024344082994,8.268622828216182,132.0880272697282,0.907449131286473,0.031007335605810683,3.4029342423242737,0
4.5,68.25696934868787,90.0,21.74303065131212,0.24439366083358857,0.7600000000000016,2.7454366688170437,6.441612110366094,7.0,0.0,-1889.5898748662378,16.0,9.376251721005369,8.251945316648833,131.33753924919742,0.9007781266595327,0.030944794937433122,3.3779179749732475,0
4.6000000000000005,69.65413167845293,90.0,20.345868321547073,0.24385082839234848,0.7600000000000016,2.587544573328105,6.5064139027321275,7.0,0.0,-1763.6531171761878,15.0,7.906186084212211,8.235153748956826,130.58191870305714,0.8940614995827301,0.030881826558588097,3.3527306234352374,0
4.7,70.91093620069904,90.0,19.089063799300952,0.21935376967149126,0.7400000000000015,2.42848156973078,6.567216268005724,7.0,0.0,-1636.9451380078926,15.0,7.164225649648305,8.218259351734385,129.82167082804733,0.8873037406937544,0.030818472569003944,3.327389027601579,0
4.800000000000001,72.16492299335845,90.0,17.835077006641555,0.21886198308429952,0.7400000000000015,2.284176929855362,6.618592460459111,7.0,0.0,-1522.1313727718587,15.0,6.069347206412121,8.202950849702914,129.13278823663114,0.881180339881166,0.030761065686385924,3.304426274554372,0
4.9,73.41608043307635,90.0,16.583919566923655,0.21836816783899712,0.7400000000000015,2.1391144204840744,6.666697849412441,7.0,0.0,-1406.8439917802812,14.0,5.074964021804671,8.187579198904038,128.4410639506817,0.8750316795616151,0.03070342199589014,3.2813687983560564,0
5.0,74.5272233577447,90.0,15.4727766422553,0.1939310249570209,0.7200000000000015,1.9933713094264411,6.711532093757078,7.0,0.0,-1291.1439239769463,14.0,4.534346428986532,8.172152523196926,127.74686354386168,0.8688610092787705,0.03064557196198847,3.2582287847953895,0
5.1000000000000005,75.63584781084627,90.0,14.364152189153721,0.1934914687474404,0.7200000000000015,1.8631495249841739,6.748684556926459,7.0,0.0,-1187.8726481267447,13.0,3.7834701258726318,8.158383019750232,127.12723588876048,0.8633532079000932,0.03059393632406337,3.2375745296253493,0
5.2,76.60480558544297,90.0,13.395194414557032,0.16911503479509227,0.7000000000000015,1.7325339433627378,6.783241415241982,7.0,0.0,-1084.3891182860043,13.0,3.4639331455349733,8.144585215771468,126.50633470971604,0.8578340863085869,0.030542194559143,3.2168778236572004,0
5.300000000000001,77.57156353492289,90.0,12.428436465077107,0.16873109288253735,0.7000000000000015,1.6178479512196051,6.811380972478011,7.0,0.0,-993.6079042169524,13.0,2.878709736544082,8.132481053895594,125.9616474253017,0.8529924215582375,0.03049680395210848,3.19872158084339,0
5.4,78.53611976863913,90.0,11.463880231360873,0.1683468209898411,0.7000000000000015,1.5029675528677675,6.837530445210415,7.0,0.0,-902.748667934475,12.0,2.3893859966934903,8.12036648905793,125.41649200760686,0.848146595623172,0.03045137433396724,3.180549733586895,0
5.5,79.42564402191395,90.0,10.574355978086043,0.155251269959898,0.6800000000000015,1.387928280762545,6.8616961202363,7.0,0.0,-811.839267257059,12.0,2.061605324960365,8.108245235634275,124.87103560354234,0.8432980942537098,0.030405919633628528,3.1623678534514115,0
5.6000000000000005,80.23978031419911,90.0,9.760219685800886,0.14209358860355006,0.6600000000000015,1.281493346247102,6.882272946314671,7.0,0.0,-727.7962495420122,12.0,1.7884606128165172,8.097039499938935,124.36677749725209,0.838815799975574,0.030363898124771006,3.145559249908402,0
5.7,81.12489960843202,90.0,8.875100391567981,0.15448245957292753,0.6800000000000015,1.1838113644383332,6.899664596784248,7.0,0.0,-650.7209562057891,11.0,1.467583156987608,8.086762794160771,123.90432573723473,0.8347051176643089,0.03032536047810289,3.130144191241158,0
5.800000000000001,81.86054257903903,90.0,8.139457420960971,0.1283939195624418,0.6400000000000015,1.0773460116839573,6.917005848305695,7.0,0.0,-566.7762333619994,11.0,1.260088275623747,8.075570164448267,123.40065740017201,0.8302280657793066,0.030283388116681003,3.1133552466723997,0
5.9,82.59384093950327,90.0,7.406159060496733,0.1279847078957723,0.6400000000000015,0.9886663110141798,6.930173909272108,7.0,0.0,-496.90339089210124,11.0,1.070516927770193,8.06625378545228,122.9814203453526,0.8265015141809121,0.03024845169544605,3.09938067817842,0
6.0,83.32479940574248,90.0,6.675200594257515,0.12757631931202115,0.6400000000000015,0.9001093755058871,6.942173420859039,7.0,0.0,-427.1710897307244,10.0,0.8855104222287331,8.05695614529743,122.56302653838435,0.8227824581189721,0.030213585544865362,3.085434217946145,0
6.1000000000000005,83.97918235115006,90.0,6.020817648849942,0.11421136966260564,0.6200000000000014,0.8116904023796455,6.953013452136626,7.0,0.0,-357.59102472146213,10.0,0.7477713831488574,8.047678803296195,122.14554614832879,0.8190715213184779,0.03017879551236073,3.071518204944292,0
6.2,84.55684520300488,90.0,5.443154796995118,0.10082118731326833,0.6000000000000014,0.7324233803724728,6.96176691504974,7.0,0.0,-295.2499498145378,10.0,0.6324802630443007,8.039366659975272,121.77149969888724,0.8157466639901086,0.030147624974907267,3.059049989962907,0
6.300000000000001,85.00151818799888,90.0,4.998481812001112,0.07761007682816683,0.5400000000000014,0.6623710902033512,6.9687466691146245,7.0,0.0,-240.1850690632232,10.0,0.8027526582855189,8.032024675875096,121.44111041437932,2.4833454793646883,0.03012009253453161,3.048037013812645,0
6.4,85.33288989085374,90.0,4.667110109146267,0.0578352726275728,0.48000000000000137,0.6084007212282693,6.973641674087253,7.0,0.0,-197.7800576903061,10.0,0.8217059610240984,8.026370674358708,121.18668034614184,3.815102833740149,0.03009889002884515,3.0395560115380613,0
6.5,85.63868217081198,90.0,4.361317829188022,0.053370821124515896,0.4600000000000013,0.5681581768943138,6.97701895017484,7.0,0.0,-166.1716657807253,9.0,0.7795489615465032,8.022156222104096,120.99702999468434,4.807532161402838,0.03008308583289036,3.033234333156145,0
6.6000000000000005,85.89492652933237,90.0,4.105073470667637,0.04472307745841586,0.42000000000000126,0.5310054141425212,6.979930480285383,7.0,0.0,-136.99813106920843,9.0,0.7357583865214351,8.018266417475894,120.82198878641525,5.723353079426293,0.030068499065534604,3.0273996262138416,0
6.7,86.11440464409705,90.0,3.8855953559029484,0.038306157387137454,0.3800000000000012,0.4998610424819857,6.9822186320815245,7.0,0.0,-112.5484939437047,9.0,0.6855567141601732,8.01500646585916,120.67529096366223,6.4907821743407546,0.03005627424697185,3.022509698788741,0
6.800000000000001,86.3099653262108,90.0,3.690034673789193,0.0341317779033092,0.3400000000000012,0.4731774469304256,6.984068522319934,7.0,0.0,-91.60504684748103,9.0,0.636536783950868,8.012214006246332,120.5496302810849,7.148099534789688,0.030045802523423742,3.018321009369496,0
6.9,86.4933393676678,90.0,3.5066606323322054,0.03200480786113009,0.3200000000000012,0.4493958975542974,6.985631325972291,7.0,0.0,-72.94270125627902,9.0,0.589441653949823,8.009725693500837,120.43765620753769,7.733786256032755,0.030036471350628136,3.014588540251256,0
7.0,86.65323118620312,90.0,3.346768813796887,0.0279063868044271,0.28000000000000114,0.42709163803235517,6.9870235311206095,7.0,0.0,-55.442506985933235,9.0,0.5475133993059145,8.007392334264791,120.3326550419156,8.282975036709301,0.030027721253492966,3.011088501397187,0
7.1000000000000005,86.80124835620161,90.0,3.19875164379839,0.025833869659579095,0.2600000000000011,0.4076400567349382,6.988179618659455,7.0,0.0,-40.18282111429954,9.0,0.5058150717873791,8.005357709481906,120.2410969266858,8.7618366424021,0.030020091410557146,3.00803656422286,0
7.2,86.93749179528727,90.0,3.062508204712732,0.023778965962851544,0.2400000000000011,0.38963029038056324,6.989201813197434,7.0,0.0,-26.056112891350637,9.0,0.4702164231244439,8.003474148385514,120.15633667734812,9.205134727959036,0.03001302805644568,3.00521122257827,0
7.300000000000001,87.06205440722137,90.0,2.937945592778626,0.02174027703134191,0.22000000000000108,0.37305080791714945,6.990101876186887,7.0,0.0,-13.05290550903234,9.0,0.4373869995850251,8.001740387401204,120.0783174330542,9.613171540822288,0.030006526452754517,3.0026105811018065,0
7.4,87.17502118506418,90.0,2.8249788149358213,0.019716422187259955,0.20000000000000107,0.3578909460294883,6.990890524646395,7.0,0.0,-1.1644410436545642,9.0,0.40764173774050083,8.00015525880582,120.00698664626194,9.986225325186453,0.030000582220521828,3.000232888208731,0
7.5,87.28774131954003,90.0,2.7122586804599615,0.0196733747989459,0.20000000000000107,0.34414090935703606,6.991577465538598,7.0,0.0,9.617320591407445,9.0,0.38130672841158925,8.001282309412188,120.05770392354844,10.325576478957412,0.030004808660295704,3.0019234641182813,0
7.6000000000000005,87.3889679466302,90.0,2.6110320533697964,0.017667379334119444,0.18000000000000105,0.33041957978212244,6.992236082884163,7.0,0.0,20.37552077629577,9.0,0.3559188183122178,8.002716736103507,120.12225312465776,10.664310653061516,0.03001018776038815,3.004075104155259,0
7.7,87.47877036339413,90.0,2.5212296366058644,0.01567347848778826,0.16000000000000103,0.31809627015373243,6.992804706836766,7.0,0.0,30.036708721334943,9.0,0.3329814607276166,8.004004894496179,120.18022025232801,10.968505797689083,0.03001501835436067,3.006007341744267,0
7.800000000000001,87.5684159281419,90.0,2.431584071858099,0.01564610264658177,0.16000000000000103,0.30716292162225234,6.993291065949147,7.0,0.0,38.60748984208327,9.0,0.3120924469285492,8.005147665312277,120.2316449390525,11.238370156307319,0.03001930374492104,3.007721497968417,0
7.9,87.65790491638329,90.0,2.342095083616715,0.015618774890906807,0.16000000000000103,0.29624792819627427,6.993759609678465,7.0,0.0,47.163216427603956,9.0,0.2934993558927671,8.006288428857014,120.28297929856564,11.50776315596851,0.0300235816082138,3.009432643285521,0
8.0,87.73607101762876,90.0,2.263928982371242,0.013642558301807722,0.140000000000001,0.2853512864727839,6.994210427321668,7.0,0.0,55.703894331652805,9.0,0.2747230924169809,8.007427185910887,120.33422336598991,11.776685623514211,0.030027851947165823,3.0111407788663307,0
8.1,87.8141176614908,90.0,2.185882338509201,0.013621709055241111,0.140000000000001,0.275832815967702,6.994590380989128,7.0,0.0,63.163832770786414,9.0,0.2576685815699176,8.008421844369439,120.37898299662471,12.011581790634049,0.030031581916385393,3.012632766554157,0
8.200000000000001,87.89204503228588,90.0,2.1079549677141145,0.013600891977967981,0.140000000000001,0.2663283874507253,6.994956893598682,7.0,0.0,70.61226091633542,9.0,0.2426429109286941,8.009414968122178,120.42367356549802,12.24611897172127,0.030035306130458166,3.0141224521832672,0
8.3,87.95873784540785,90.0,2.0412621545921485,0.011640091763956495,0.120000000000001,0.25683799812493757,6.995310024359033,7.0,0.0,78.04918307593543,9.0,0.2270924023819128,8.010406557743458,120.46829509845563,12.480297719955042,0.03003902459153797,3.0156098366151873,0
8.4,88.02534329989503,90.0,1.9746567001049742,0.011624844805884497,0.120000000000001,0.24871543767958762,6.995602070370147,7.0,0.0,84.41383817002043,9.0,0.21320531031466763,8.011255178422669,120.50648302902013,12.680715607592624,0.030042206919085008,3.016882767634004,0
8.5,88.0918615116657,90.0,1.9081384883342993,0.011609618079370571,0.120000000000001,0.24060318535346567,6.9958843673759805,7.0,0.0,90.77004784905705,9.0,0.20112264987444234,8.012102673046542,120.54462028709435,12.880870968903695,0.03004538502392453,3.018154009569811,0
8.6,88.14722074910937,90.0,1.8527792508906347,0.009662009647853529,0.10000000000000098,0.2325012391096916,6.996156952327102,7.0,0.0,97.11781503114312,9.0,0.18914138405085992,8.012949042004152,120.58270689018687,13.080764151798762,0.03004855890751557,3.019423563006229,0
8.700000000000001,88.2025195621434,90.0,1.7974804378566072,0.00965146359888567,0.10000000000000098,0.22575822480326654,6.996376690468159,7.0,0.0,102.40059712856608,9.0,0.17790597479481796,8.013653412950475,120.61440358277139,13.247123612508286,0.03005120029856428,3.020480119425713,0
8.8,88.25775801776844,90.0,1.7422419822315678,0.009640929243736988,0.10000000000000098,0.21902236318097704,6.996589732454527,7.0,0.0,107.677521496824,9.0,0.1682897709086345,8.014357002866243,120.64606512898095,13.413301487576677,0.030053838760748408,3.021535504299365,0
8.9,88.31293618296469,90.0,1.6870638170353127,0.009630406578839911,0.10000000000000098,0.21229365293192184,6.996796099504783,7.0,0.0,112.94858992300678,9.0,0.15908385593875324,8.015059811989735,120.67769153953805,13.57929797810119,0.030056474294961506,3.022589717984601,0
9.0,88.36805412469158,90.0,1.6319458753084126,0.009619895600568078,0.10000000000000098,0.20557209270572058,6.996995812789739,7.0,0.0,118.21380422364844,9.0,0.1502870852045733,8.015761840563153,120.7092828253419,13.745113285119322,0.03005910690211182,3.02364276084473,0
9.1,88.41210035284828,90.0,1.5878996471517133,0.007687517044189376,0.08000000000000096,0.1988576811127355,6.997188893432478,7.0,0.0,123.47316624455372,9.0,0.14137928346197656,8.016463088832607,120.7408389974673,13.910747609607803,0.030061736583122275,3.0246946332489104,0
9.200000000000001,88.45610812356911,90.0,1.5438918764308844,0.007680804955412198,0.08000000000000096,0.19349188378124088,6.997338580488083,7.0,0.0,127.67598458633853,9.0,0.13306885171230237,8.017023464611512,120.76605590751804,14.043110444389464,0.030063837992293167,3.025535196917268,0
9.3,88.50007747109906,90.0,1.4999225289009317,0.007674098843512442,0.08000000000000096,0.18813065890305367,6.997484047831488,7.0,0.0,131.87506046718687,9.0,0.126228354859739,8.017583341395625,120.79125036280311,14.175357707265597,0.03006593753023359,3.026375012093437,0
9.4,88.54400842967411,90.0,1.4559915703258939,0.007667398706917023,0.08000000000000096,0.18277400571291136,6.997625306208274,7.0,0.0,136.07039487209516,9.0,0.11964734217689137,8.018142719316279,120.81642236923257,14.307489501023717,0.030068035197436043,3.0272140789744193,0
9.5,88.58790103352109,90.0,1.412098966478906,0.00766070454403413,0.08000000000000096,0.17742192342980828,6.997762366344531,7.0,0.0,140.26198879778644,9.0,0.11332524168312559,8.018701598506372,120.84157193278672,14.439505928424866,0.030070130994398894,3.0280523977595575,0
9.600000000000001,88.63175531685765,90.0,1.3682446831423523,0.007654016353253308,0.08000000000000096,0.17207441125706152,6.997895238946861,7.0,0.0,144.4498432526582,8.0,0.10427996397060549,8.019259979100354,120.86669905951595,14.571407092203426,0.03007222492162633,3.0288899686505317,0
9.700000000000001,88.67557131389206,90.0,1.3244286861079422,0.007647334132945551,0.08000000000000096,0.16673146838238814,6.998023934702394,7.0,0.0,148.63395925672253,8.0,0.09856635343787154,8.01981786123423,120.89180375554034,14.703193095066634,0.03007431697962836,3.029726791851344,0
9.8,88.70840462259041,90.0,1.291595377409598,0.005730493411097564,0.06000000000000094,0.16139309397797266,6.9981484642788,7.0,0.0,152.8143378415531,8.0,0.09278799371350788,8.02037524504554,120.91688602704932,14.834864039694388,0.030076407168920776,3.0305628675683103,0
9.9,88.74121643365537,90.0,1.2587835663446374,0.0057267413662597695,0.06000000000000094,0.15739274742922546,6.998239124039642,7.0,0.0,155.94682776870232,8.0,0.08722116664831897,8.02079291036916,120.93568096661221,14.933531031918871,0.030077973413884348,3.0311893655537405,0
10.0,88.77400676150432,90.0,1.225993238495669,0.005722991837729623,0.06000000000000094,0.1533949692417084,6.9983274513089,7.0,0.0,159.07721689250326,8.0,0.08300389483875495,8.021210295585668,120.95446330135503,15.032133419200354,0.030079538608446255,3.0318154433785005,0
10.100000000000001,88.80677562055162,90.0,1.1932243794483817,0.005719244824970708,0.06000000000000094,0.14939975904912176,6.99841345056399,7.0,0.0,162.20550566079524,8.0,0.07892372960862973,8.021627400754772,120.97323303396477,15.130671244814902,0.030081102752830394,3.032441101132159,0
10.200000000000001,88.83952302520844,90.0,1.160476974791567,0.005715500327442307,0.06000000000000094,0.14540711648033305,6.998497126276191,7.0,0.0,165.33169452501195,8.0,0.07498044767607237,8.022044225936668,120.99199016715008,15.22914455202952,0.030082665847262505,3.0330663389050025,0
10.3,88.87224898988285,90.0,1.1277510101171473,0.005711758344599409,0.06000000000000094,0.14141704115939432,6.998578482910636,7.0,0.0,168.45578394016795,8.0,0.07117382600643583,8.022460771192023,121.010734703641,15.327553384102108,0.030084227891970086,3.0336911567880334,0
10.4,88.90495352897982,90.0,1.0950464710201864,0.005708018875892732,0.06000000000000094,0.13742953270555838,6.998657524926327,7.0,0.0,171.5777743648458,8.0,0.06750364181222271,8.02287703658198,121.02946664618908,15.42589778428135,0.030085788887182423,3.0343155548729692,0
10.5,88.93763665690109,90.0,1.0623633430989041,0.005704281920768734,0.06000000000000094,0.1334445907332943,6.998734256776128,7.0,0.0,174.69766626118403,8.0,0.0639696725530206,8.023293022168158,121.0481859975671,15.524177795806706,0.030087348833130592,3.0349395332522366,0
10.600000000000001,88.97029838804526,90.0,1.0297016119547384,0.0057005474786696285,0.06000000000000094,0.12946221485230225,6.998808682906773,7.0,0.0,177.8154600948659,8.0,0.06057169593547185,8.023708728012648,121.0668927605692,15.622393461908347,0.03008890773004743,3.0355630920189736,0
10.700000000000001,89.00293873680768,90.0,0.9970612631923208,0.005696815549033401,0.06000000000000094,0.12548240466753519,6.998880807758871,7.0,0.0,180.93115633510183,8.0,0.05730948991314701,8.024124154178013,121.08558693801061,15.720544825806991,0.03009046557816755,3.0361862312670205,0
10.8,89.02468472398952,90.0,0.9753152760104834,0.003795390754195911,0.040000000000000924,0.12150515977920909,6.9989506357669,7.0,0.0,184.04475545462196,8.0,0.05407469128993104,8.024539300727282,121.10426853272772,15.818631930713952,0.030092022377727307,3.0368089510909244,0
10.9,89.04642122065218,90.0,0.9535787793478192,0.0037937343461223517,0.040000000000000924,0.11885537734735233,6.99899590904827,7.0,0.0,186.11909697903909,8.0,0.05059717266456698,8.024815879597206,121.11671458187425,15.883980523807434,0.030093059548489523,3.0372238193958077,0
11.0,89.06814823105744,90.0,0.9318517689425627,0.003792078681867479,0.040000000000000924,0.11620673449411642,6.999040165010971,7.0,0.0,188.1925070095723,8.0,0.048394591735515684,8.025092334267942,121.12915504205742,15.949300595663718,0.03009409625350478,3.0376385014019145,0
11.100000000000001,89.0898657594664,90.0,0.9101342405335977,0.0037904237613173956,0.040000000000000924,0.11355923109756695,6.999083404963955,7.0,0.0,190.2649856888585,8.0,0.04625215981378654,8.025368664758515,121.14158991413316,16.01459215907572,0.030095132492844432,3.0380529971377714,0
11.200000000000001,89.11157381013953,90.0,0.8884261898604695,0.003788769584357654,0.040000000000000924,0.11091286703484539,6.999125630214976,7.0,0.0,192.33653316022102,8.0,0.044169811837733074,8.02564487108803,121.15401919896132,16.079855226834418,0.03009616826658011,3.038467306632044,0
11.3,89.13327238733662,90.0,0.8667276126633848,0.003787116150873261,0.040000000000000924,0.10826764218217223,6.999166842070567,7.0,0.0,194.4071495676665,8.0,0.04214748279260443,8.025920953275689,121.166442897406,16.14508981172887,0.03009720357478383,3.038881429913533,0
11.4,89.1549614953168,90.0,0.8450385046831993,0.00378546346074868,0.040000000000000924,0.10562355641484898,6.999207041836068,7.0,0.0,196.47683505588415,8.0,0.04018510771053292,8.026196911340785,121.17886101033531,16.21029592654616,0.030098238417527942,3.039295367011177,0
11.5,89.17664113833857,90.0,0.82335886166143,0.0037838115138678283,0.040000000000000924,0.10298060960725826,6.999246230815602,7.0,0.0,198.54558977024502,8.0,0.03828262167054422,8.0264727453027,121.19127353862149,16.27547358407148,0.030099272794885123,3.0397091179540485,0
11.600000000000001,89.19831132065971,90.0,0.8016886793402812,0.0037821603101140817,0.040000000000000924,0.10033880163286708,6.999284410312092,7.0,0.0,200.61341385679972,8.0,0.036439959798559664,8.026748455180906,121.20368048314079,16.340622797088074,0.030100306706928395,3.04012268277136,0
11.700000000000001,89.21997204653736,90.0,0.7800279534626313,0.0037805098493702755,0.040000000000000924,0.09769813236423176,6.999321581627255,7.0,0.0,202.6803074622747,8.0,0.034657057267370714,8.02702404099497,121.21608184477365,16.405743578377145,0.030101340153731136,3.040536061492455,0
11.8,89.24162332022799,90.0,0.7583766797720077,0.0037788601315187063,0.040000000000000924,0.09505860167299814,6.999357746061601,7.0,0.0,204.7462707340718,8.0,0.03293384929662728,8.027299502764542,121.22847762440442,16.470835940717922,0.030102373135367032,3.0409492541468146,0
11.9,89.26326514598738,90.0,0.7367348540126245,0.00377721115644113,0.040000000000000924,0.09242020942990022,6.999392904914435,7.0,0.0,206.8113038202695,8.0,0.03127027115286536,8.02757484050937,121.24086782292163,16.535899896887724,0.030103405651910137,3.041362260764054,0
12.0,89.2848975280706,90.0,0.7151024719293959,0.003775562924018766,0.040000000000000924,0.08978295550476656,6.999427059483863,7.0,0.0,208.87540686961796,8.0,0.02966625814948927,8.027850054249283,121.25325244121771,16.600935459661837,0.03010443770343481,3.0417750813739235,0
12.100000000000001,89.30652047073211,90.0,0.6934795292678845,0.0037739154341323005,0.040000000000000924,0.08714683976652353,6.999460211066781,7.0,0.0,210.93858003153636,8.0,0.02812174564673651,8.028125144004205,121.2656314801892,16.665942641813494,0.030105469290015768,3.042187716006307,0
12.200000000000001,89.32813397822562,90.0,0.6718660217743785,0.0037722686866618815,0.040000000000000924,0.08451186208319098,6.999492360958883,7.0,0.0,213.0008234561162,8.0,0.0266366690517309,8.028400109794148,121.27800494073671,16.730921456114007,0.030106500411728056,3.0426001646912235,0
12.3,89.34973805480418,90.0,0.6502619451958273,0.0037706226814871275,0.040000000000000924,0.08187802232189316,6.9995235104546625,7.0,0.0,215.06213729411292,8.0,0.025210963818415463,8.028674951639214,121.29037282376467,16.79587191533255,0.030107531068647053,3.0430124274588226,0
12.4,89.37133270472012,90.0,0.6286672952798803,0.0037689774184871227,0.040000000000000924,0.07924532034885282,6.999553660847409,7.0,0.0,217.12252169695077,8.0,0.023844565447590692,8.028949669559593,121.30273513018169,16.860794032236356,0.03010856126084847,3.04342450433939,0
12.5,89.3929179322251,90.0,0.6070820677748991,0.003767332897540422,0.040000000000000924,0.07661375602939753,6.999582813429211,7.0,0.0,219.18197681671725,8.0,0.022537409486898453,8.029224263575562,121.31509186090031,16.925687819590586,0.030109590988408357,3.0438363953633436,0
12.600000000000001,89.40370583689759,90.0,0.5962941631024096,0.0018828445592625682,0.020000000000000906,0.073983329227963,6.999610969490951,7.0,0.0,221.24050280616098,8.0,0.021263626965193128,8.029498733707488,121.32744301683695,16.990553290158296,0.03011062025140308,3.0442481005612327,0
12.700000000000001,89.4144913880838,90.0,0.5855086119162027,0.0018824337984172327,0.020000000000000906,0.07266868578698847,6.999624672748195,7.0,0.0,222.26930517881905,8.0,0.019328980268554865,8.029635907357175,121.3336158310729,17.02297187363564,0.030111134652589404,3.044453861035764,0
12.8,89.42527458631484,90.0,0.5747254136851513,0.0018820231302697577,0.020000000000000906,0.0713543266111646,6.99963812741321,7.0,0.0,223.29787537798754,8.0,0.018626845678306157,8.029773050050398,121.33978725226791,17.05538338427155,0.03011164893768899,3.044659575075598,0
12.9,89.4360554321218,90.0,0.5639445678781919,0.0018816125548124468,0.020000000000000906,0.07004025168329575,6.999651333646963,7.0,0.0,224.32621342294328,8.0,0.01793951593846237,8.029910161789726,121.34595728053766,17.087787823660438,0.03011216310671147,3.0448652426845886,0
13.0,89.44683392603571,90.0,0.5531660739642862,0.0018812020720375875,0.020000000000000906,0.06872646098613316,6.99966429161035,7.0,0.0,225.35431933300265,8.0,0.01726698303610948,8.030047242577734,121.35212591599802,17.12018519339652,0.0301126771596665,3.0450708638666004,0
13.100000000000001,89.45761006858756,90.0,0.5423899314124472,0.0018807916819374509,0.020000000000000906,0.06741295450237043,6.999677001464192,7.0,0.0,226.38219312752466,8.0,0.016609238961204337,8.030184292417003,121.35829315876515,17.15257549507394,0.030113191096563758,3.045276438625505,0
13.200000000000001,89.46838386030826,90.0,0.5316161396917383,0.0018803813845042912,0.020000000000000906,0.06609973221464677,6.999689463369233,7.0,0.0,227.4098348259087,8.0,0.015966275706565024,8.030321311310122,121.36445900895544,17.184958730286706,0.030113704917412956,3.0454819669651814,0
13.3,89.47915530172874,90.0,0.5208446982712615,0.001879971179730347,0.020000000000000906,0.06478679410554675,6.99970167748614,7.0,0.0,228.43724444759437,8.0,0.015338085267865878,8.03045829925968,121.37062346668556,17.217334900628657,0.0301142186222238,3.0456874488895185,0
13.4,89.48992439337984,90.0,0.5100756066201567,0.0018795610676078404,0.020000000000000906,0.0634741401575991,6.999713643975513,7.0,0.0,229.46442201206287,8.0,0.01472465964364195,8.030595256268276,121.37678653207239,17.249704007693524,0.030114732211006034,3.0458928844024125,0
13.5,89.50069113579238,90.0,0.4993088642076147,0.0018791510481289764,0.020000000000000906,0.062161770353276656,6.999725362997867,7.0,0.0,230.49136753883687,8.0,0.01412599083529362,8.030732182338511,121.38294820523302,17.282066053074935,0.030115245683769415,3.0460982735077673,0
13.600000000000001,89.51145552949713,90.0,0.4885444705028774,0.0018787411212859448,0.020000000000000906,0.06084968467499794,6.99973683471365,7.0,0.0,231.51808104747903,8.0,0.013542070847082095,8.030869077472998,121.38910848628487,17.31442103836635,0.03011575904052374,3.046303616209496,0
13.700000000000001,89.52221757502477,90.0,0.47778242497522466,0.0018783312870709187,0.020000000000000906,0.05953788310512723,6.999748059283231,7.0,0.0,232.54456255759237,8.0,0.012972891686124895,8.031005941674346,121.39526737534554,17.346768965161104,0.030116272281278795,3.046508912511518,0
13.8,89.53297727290602,90.0,0.4670227270939745,0.0018779215454760548,0.020000000000000906,0.05822636562597307,6.999759036866905,7.0,0.0,233.57081208882107,8.0,0.012418445362399895,8.031142774945176,121.40142487253293,17.379109835052397,0.030116785406044407,3.0467141624177643,0
13.9,89.5437346236715,90.0,0.4562653763285088,0.0018775118964934937,0.020000000000000906,0.056915132219788375,6.999769767624893,7.0,0.0,234.5968296608506,8.0,0.011878723888753674,8.031279577288114,121.4075809779651,17.41144364963332,0.030117298414830424,3.04691936593217,0
14.0,89.55448962785177,90.0,0.44551037214823447,0.00187710234011536,0.020000000000000906,0.055604182868773465,6.999780251717341,7.0,0.0,235.62261529340526,8.0,0.011353719280881188,8.031416348705788,121.41373569176042,17.44377041049679,0.030117811307646705,3.047124523058681,0
14.100000000000001,89.56524228597739,90.0,0.4347577140226097,0.0018766928763337618,0.020000000000000906,0.05429351755507158,6.999790489304318,7.0,0.0,236.6481690062518,8.0,0.010843423557345239,8.031553089200834,121.41988901403751,17.47609011923563,0.030118324084503125,3.04732963380125,0
14.200000000000001,89.57599259857885,90.0,0.4240074014211561,0.001876283505140791,0.020000000000000906,0.05298313626077197,6.9998004805458205,7.0,0.0,237.6734908191967,8.0,0.010347828739572677,8.031689798775894,121.42604094491519,17.50840277744253,0.030118836745409598,3.0475346981638394,0
14.3,89.58674056618659,90.0,0.4132594338134081,0.0018758742265285243,0.020000000000000906,0.05167303896791154,6.999810225601771,7.0,0.0,238.69858075208543,8.0,0.009866926851835656,8.031826477433611,121.43219148451251,17.540708386709976,0.030119349290376043,3.047739716150417,0
14.4,89.59748618933102,90.0,0.4025138106689763,0.0018754650404890208,0.020000000000000906,0.05036322565846868,6.999819724632012,7.0,0.0,239.72343882480658,8.0,0.009400709921283964,8.031963125176642,121.43834063294885,17.573006948630432,0.030119861719412406,3.047944687764961,0
14.5,89.6082294685425,90.0,0.3917705314574969,0.0018750559470143246,0.020000000000000906,0.04905369631437106,6.9998289777963185,7.0,0.0,240.74806505728648,8.0,0.0089491699779135,8.032099742007638,121.44448839034371,17.605298464796128,0.03012037403252864,3.048149613011457,0
14.600000000000001,89.61897040435134,90.0,0.3810295956486569,0.0018746469460964633,0.020000000000000906,0.0477444509174895,6.999837985254385,7.0,0.0,241.77245946949327,8.0,0.008512299054586468,8.032236327929265,121.45063475681697,17.637582936799216,0.030120886229734745,3.0483544918938987,0
14.700000000000001,89.6297089972878,90.0,0.37029100271219423,0.0018742380377274484,0.020000000000000906,0.04643548944964113,6.999846747165836,7.0,0.0,242.7966220814352,8.0,0.00809008918702472,8.032372882944191,121.4567797324886,17.669860366231706,0.030121398311040715,3.0485593244162867,0
14.8,89.64044524788211,90.0,0.359554752117885,0.0018738292218992757,0.020000000000000906,0.045126811892589436,6.999855263690214,7.0,0.0,243.82055291315984,8.0,0.007682532413806486,8.032509407055088,121.46292331747897,17.702130754685452,0.030121910276456578,3.048764110582632,0
14.9,89.65117915666444,90.0,0.34882084333555624,0.0018734204986039244,0.020000000000000906,0.043818418228042735,6.999863534986995,7.0,0.0,244.84425198475583,8.0,0.00728962077637238,8.032645900264635,121.46906551190854,17.734394103752198,0.03012242212599238,3.048968850396951,0
15.0,89.66191072416491,90.0,0.33808927583508575,0.0018730118678333585,0.020000000000000906,0.04251030843765583,6.999871561215576,7.0,0.0,245.86771931635138,8.0,0.0069113463190223195,8.032782362575514,121.47520631589812,17.766650415023538,0.030122933859658176,3.0491735438632706,0
15.100000000000001,89.67263995091362,90.0,0.3273600490863768,0.0018726033295795254,0.020000000000000906,0.04120248250303002,6.99987934253528,7.0,0.0,246.8909549281142,8.0,0.0065477010889097974,8.032918793990415,121.48134572956869,17.79889969009091,0.030123445477464057,3.049378190985623,0
15.200000000000001,89.68336683744059,90.0,0.3166331625594091,0.0018721948838343564,0.020000000000000906,0.03989494040571008,6.999886879105353,7.0,0.0,247.913958840254,8.0,0.006198677136058121,8.033055194512034,121.48748375304153,17.831141930545684,0.030123956979420125,3.049582791768051,0
15.3,89.69409138427581,90.0,0.30590861572418776,0.0018717865305897675,0.020000000000000906,0.03858768212719051,6.999894171084972,7.0,0.0,248.93673107301746,8.0,0.005864266513339227,8.033191564143069,121.49362038643812,17.863377137979,0.030124468365536505,3.049787346214604,0
15.4,89.70481359194923,90.0,0.29518640805076873,0.0018713782698376587,0.020000000000000906,0.03728070764890939,6.999901218633234,7.0,0.0,249.9592716466931,8.0,0.0055444612764888514,8.033327902886226,121.49975562988016,17.895605313981928,0.03012497963582335,3.0499918543293383,1
15.5,89.71553346099074,90.0,0.2844665390092589,0.0018709701015699133,0.020000000000000906,0.03597401695225149,6.999908021909163,7.0,0.0,250.9815805816089,8.0,0.005239253484101441,8.033464210744215,121.50588948348967,17.92782646014538,0.030125490790290806,3.0501963161163217,1
15.600000000000001,89.7262509919302,90.0,0.27374900806980323,0.0018705620257784,0.020000000000000906,0.0346676100185484,6.9999145810717085,7.0,0.0,252.0036578981322,8.0,0.004948635197627819,8.03360048771975,121.5120219473888,17.960040578060124,0.030126001828949065,3.050400731579627,1
15.700000000000001,89.7369661852974,90.0,0.2630338147025977,0.0018701540424549703,0.020000000000000906,0.03336148682907696,6.999920896279746,7.0,0.0,253.0255036166707,8.0,0.004672598481379476,8.033736733815557,121.51815302170004,17.992247669316814,0.03012651275180834,3.050605100723334,1
15.8,89.74767904162209,90.0,0.25232095837790186,0.0018697461515914608,0.020000000000000906,0.03205564736506093,6.999926967692077,7.0,0.0,254.04711775767166,8.0,0.004411135402528242,8.033872949034356,121.52428270654603,18.024447735505948,0.03012702355887883,3.0508094235515344,1
15.9,89.75838956143402,90.0,0.24161043856598793,0.0018693383531796924,0.020000000000000906,0.030750091607672538,6.9999327954674255,7.0,0.0,255.06850034162002,8.0,0.004164238031096536,8.034009133378882,121.53041100204973,18.056640778217847,0.03012753425017081,3.0510137000683244,1
16.0,89.7690977452628,90.0,0.23090225473720452,0.001868930647211469,0.020000000000000906,0.02944481953802635,6.999938379764444,7.0,0.0,256.0896513890438,8.0,0.003931898439974092,8.034145286851873,121.53653790833427,18.08882679904279,0.03012804482569452,3.051217930277809,1
16.1,89.77980359363808,90.0,0.22019640636192567,0.0018685230336785803,0.020000000000000906,0.028139831137187096,6.999943720741708,7.0,0.0,257.1105709205075,8.0,0.00371410870490177,8.034281409456067,121.54266342552306,18.121005799570813,0.03012855528546025,3.051422114184102,1
16.2,89.79050710708941,90.0,0.20949289291058903,0.0018681155125727987,0.020000000000000906,0.026835126386163498,6.999948818557721,7.0,0.0,258.13125895661733,8.0,0.0035108609044832116,8.034417501194216,121.5487875537397,18.153177781391907,0.03012906562947831,3.0516262517913235,1
16.3,89.80120828614633,90.0,0.19879171385367037,0.0018677080838858822,0.020000000000000906,0.025530705265912963,6.999953673370909,7.0,0.0,259.1517155180172,8.0,0.0033221471201767827,8.03455356206907,121.5549102931081,18.18534274609586,0.03012957585775901,3.051830343103603,1
16.400000000000002,89.81190713133829,90.0,0.18809286866170916,0.001867300747609572,0.020000000000000906,0.02422656775733857,6.999958285339625,7.0,0.0,260.1719406253914,8.0,0.00314795943630125,8.034689592083385,121.56103164375236,18.217500695272342,0.030130085970312692,3.0520343881250787,1
16.5,89.82260364319473,90.0,0.17739635680527024,0.001866893503735595,0.020000000000000906,0.022922713841292203,6.9999626546221485,7.0,0.0,261.1919342994619,8.0,0.0029882899400290705,8.034825591239928,121.56715160579678,18.249651630510844,0.030130595967149728,3.0522383868598926,1
16.6,89.83329782224503,90.0,0.16670217775496937,0.0018664863522556612,0.020000000000000906,0.02161914349856995,6.999966781376684,7.0,0.0,262.2116965609919,8.0,0.0028431307213926797,8.034961559541465,121.57327017936593,18.281795553400777,0.030131105848280493,3.0524423393121984,1
16.7,89.84398966901853,90.0,0.1560103309814732,0.0018660792931614646,0.020000000000000906,0.020315856709915266,6.99997066576136,7.0,0.0,263.23122743078386,8.0,0.002712473873281764,8.03509749699077,121.5793873645847,18.3139324655314,0.030131615613715388,3.052646245486157,1
16.8,89.85467918404449,90.0,0.14532081595551202,0.0018656723264446847,0.020000000000000906,0.019012853456019014,6.999974307934232,7.0,0.0,264.25052692967864,8.0,0.0025963114914439554,8.035233403590624,121.58550316157807,18.34606236849183,0.03013212526346484,3.052850105385936,1
16.900000000000002,89.86536636785216,90.0,0.13463363214784146,0.0018652654520969853,0.020000000000000906,0.01771013371752109,6.99997770805328,7.0,0.0,265.269595078555,8.0,0.002494635674481379,8.035369279343808,121.59161757047133,18.378185263870986,0.03013263479753928,3.053053919015711,1
17.0,89.86536636785216,90.0,0.13463363214784146,8.281636132911571e-17,8.881784197001252e-16,0.0164076974750058,6.999980866276411,7.0,0.0,266.2884318983328,8.0,0.0023718924653757956,8.035505124253111,121.59773059138999,18.41030115325772,0.030133144215949165,3.0532576863796663,1
17.1,89.86536636785216,90.0,0.13463363214784146,8.281636132911571e-17,8.881784197001252e-16,0.0164076974750058,6.999980866276411,7.0,0.0,266.2884318983328,8.0,0.0011505893908239262,8.035505124253111,121.59773059138999,18.41030115325772,0.030133144215949165,3.0532576863796663,1
17.2,89.86536636785216,90.0,0.13463363214784146,8.281636132911571e-17,8.881784197001252e-16,0.0164076974750058,6.999980866276411,7.0,0.0,266.2884318983328,8.0,0.0011505893908239262,8.035505124253111,121.59773059138999,18.41030115325772,0.030133144215949165,3.0532576863796663,1
17.3,89.86536636785216,90.0,0.13463363214784146,8.281636132911571e-17,8.881784197001252e-16,0.0164076974750058,6.999980866276411,7.0,0.0,266.2884318983328,8.0,0.0011505893908239262,8.035505124253111,121.59773059138999,18.41030115325772,0.030133144215949165,3.0532576863796663,1
17.400000000000002,89.86536636785216,90.0,0.13463363214784146,8.281636132911571e-17,8.881784197001252e-16,0.0164076974750058,6.999980866276411,7.0,0.0,266.2884318983328,8.0,0.0011505893908239262,8.035505124253111,121.59773059138999,18.41030115325772,0.030133144215949165,3.0532576863796663,1
17.5,89.86536636785216,90.0,0.13463363214784146,8.281636132911571e-17,8.881784197001252e-16,0.0164076974750058,6.999980866276411,7.0,0.0,266.2884318983328,8.0,0.0011505893908239262,8.035505124253111,121.59773059138999,18.41030115325772,0.030133144215949165,3.0532576863796663,1
17.6,89.86536636785216,90.0,0.13463363214784146,8.281636132911571e-17,8.881784197001252e-16,0.0164076974750058,6.999980866276411,7.0,0.0,266.2884318983328,8.0,0.0011505893908239262,8.035505124253111,121.59773059138999,18.41030115325772,0.030133144215949165,3.0532576863796663,1
17.7,89.86536636785216,90.0,0.13463363214784146,8.281636132911571e-17,8.881784197001252e-16,0.0164076974750058,6.999980866276411,7.0,0.0,266.2884318983328,8.0,0.0011505893908239262,8.035505124253111,121.59773059138999,18.41030115325772,0.030133144215949165,3.0532576863796663,1
17.8,89.86536636785216,90.0,0.13463363214784146,8.281636132911571e-17,8.881784197001252e-16,0.0164076974750058,6.999980866276411,7.0,0.0,266.2884318983328,8.0,0.0011505893908239262,8.035505124253111,121.59773059138999,18.41030115325772,0.030133144215949165,3.0532576863796663,1
17.900000000000002,89.86536636785216,90.0,0.13463363214784146,8.281636132911571e-17,8.881784197001252e-16,0.0164076974750058,6.999980866276411,7.0,0.0,266.2884318983328,8.0,0.0011505893908239262,8.035505124253111,121.59773059138999,18.41030115325772,0.030133144215949165,3.0532576863796663,1
18.0,89.86536636785216,90.0,0.13463363214784146,8.281636132911571e-17,8.881784197001252e-16,0.0164076974750058,6.999980866276411,7.0,0.0,266.2884318983328,8.0,0.0011505893908239262,8.035505124253111,121.59773059138999,18.41030115325772,0.030133144215949165,3.0532576863796663,1
18.1,89.86536636785216,90.0,0.13463363214784146,8.281636132911571e-17,8.881784197001252e-16,0.0164076974750058,6.999980866276411,7.0,0.0,266.2884318983328,8.0,0.0011505893908239262,8.035505124253111,121.59773059138999,18.41030115325772,0.030133144215949165,3.0532576863796663,1
18.2,89.86536636785216,90.0,0.13463363214784146,8.281636132911571e-17,8.881784197001252e-16,0.0164076974750058,6.999980866276411,7.0,0.0,266.2884318983328,8.0,0.0011505893908239262,8.035505124253111,121.59773059138999,18.41030115325772,0.030133144215949165,3.0532576863796663,1
18.3,89.86536636785216,90.0,0.13463363214784146,8.281636132911571e-17,8.881784197001252e-16,0.0164076974750058,6.999980866276411,7.0,0.0,266.2884318983328,8.0,0.0011505893908239262,8.035505124253111,121.59773059138999,18.41030115325772,0.030133144215949165,3.0532576863796663,1
18.400000000000002,89.86536636785216,90.0,0.13463363214784146,8.281636132911571e-17,8.881784197001252e-16,0.0164076974750058,6.999980866276411,7.0,0.0,266.2884318983328,8.0,0.0011505893908239262,8.035505124253111,121.59773059138999,18.41030115325772,0.030133144215949165,3.0532576863796663,1
18.5,89.86536636785216,90.0,0.13463363214784146,8.281636132911571e-17,8.881784197001252e-16,0.0164076974750058,6.999980866276411,7.0,0.0,266.2884318983328,8.0,0.0011505893908239262,8.035505124253111,121.59773059138999,18.41030115325772,0.030133144215949165,3.0532576863796663,1
18.6,89.86536636785216,90.0,0.13463363214784146,8.281636132911571e-17,8.881784197001252e-16,0.0164076974750058,6.999980866276411,7.0,0.0,266.2884318983328,8.0,0.0011505893908239262,8.035505124253111,121.59773059138999,18.41030115325772,0.030133144215949165,3.0532576863796663,1
18.7,89.86536636785216,90.0,0.13463363214784146,8.281636132911571e-17,8.881784197001252e-16,0.0164076974750058,6.999980866276411,7.0,0.0,266.2884318983328,8.0,0.0011505893908239262,8.035505124253111,121.59773059138999,18.41030115325772,0.030133144215949165,3.0532576863796663,1
18.8,89.86536636785216,90.0,0.13463363214784146,8.281636132911571e-17,8.881784197001252e-16,0.0164076974750058,6.999980866276411,7.0,0.0,266.2884318983328,8.0,0.0011505893908239262,8.035505124253111,121.59773059138999,18.41030115325772,0.030133144215949165,3.0532576863796663,1
18.900000000000002,89.86536636785216,90.0,0.13463363214784146,8.281636132911571e-17,8.881784197001252e-16,0.0164076974750058,6.999980866276411,7.0,0.0,266.2884318983328,8.0,0.0011505893908239262,8.035505124253111,121.59773059138999,18.41030115325772,0.030133144215949165,3.0532576863796663,1
19.0,89.86536636785216,90.0,0.13463363214784146,8.281636132911571e-17,8.881784197001252e-16,0.0164076974750058,6.999980866276411,7.0,0.0,266.2884318983328,8.0,0.0011505893908239262,8.035505124253111,121.59773059138999,18.41030115325772,0.030133144215949165,3.0532576863796663,1
19.1,89.86536636785216,90.0,0.13463363214784146,8.281636132911571e-17,8.881784197001252e-16,0.0164076974750058,6.999980866276411,7.0,0.0,266.2884318983328,8.0,0.0011505893908239262,8.035505124253111,121.59773059138999,18.41030115325772,0.030133144215949165,3.0532576863796663,1
19.200000000000003,89.86536636785216,90.0,0.13463363214784146,8.281636132911571e-17,8.881784197001252e-16,0.0164076974750058,6.999980866276411,7.0,0.0,266.2884318983328,8.0,0.0011505893908239262,8.035505124253111,121.59773059138999,18.41030115325772,0.030133144215949165,3.0532576863796663,1
19.3,89.86536636785216,90.0,0.13463363214784146,8.281636132911571e-17,8.881784197001252e-16,0.0164076974750058,6.999980866276411,7.0,0.0,266.2884318983328,8.0,0.0011505893908239262,8.035505124253111,121.59773059138999,18.41030115325772,0.030133144215949165,3.0532576863796663,1
19.400000000000002,89.86536636785216,90.0,0.13463363214784146,8.281636132911571e-17,8.881784197001252e-16,0.0164076974750058,6.999980866276411,7.0,0.0,266.2884318983328,8.0,0.0011505893908239262,8.035505124253111,121.59773059138999,18.41030115325772,0.030133144215949165,3.0532576863796663,1
19.5,89.86536636785216,90.0,0.13463363214784146,8.281636132911571e-17,8.881784197001252e-16,0.0164076974750058,6.999980866276411,7.0,0.0,266.2884318983328,8.0,0.0011505893908239262,8.035505124253111,121.59773059138999,18.41030115325772,0.030133144215949165,3.0532576863796663,1
19.6,89.86536636785216,90.0,0.13463363214784146,8.281636132911571e-17,8.881784197001252e-16,0.0164076974750058,6.999980866276411,7.0,0.0,266.2884318983328,8.0,0.0011505893908239262,8.035505124253111,121.59773059138999,18.41030115325772,0.030133144215949165,3.0532576863796663,1
19.700000000000003,89.86536636785216,90.0,0.13463363214784146,8.281636132911571e-17,8.881784197001252e-16,0.0164076974750058,6.999980866276411,7.0,0.0,266.2884318983328,8.0,0.0011505893908239262,8.035505124253111,121.59773059138999,18.41030115325772,0.030133144215949165,3.0532576863796663,1
19.8,89.86536636785216,90.0,0.13463363214784146,8.281636132911571e-17,8.881784197001252e-16,0.0164076974750058,6.999980866276411,7.0,0.0,266.2884318983328,8.0,0.0011505893908239262,8.035505124253111,121.59773059138999,18.41030115325772,0.030133144215949165,3.0532576863796663,1
19.900000000000002,89.86536636785216,90.0,0.13463363214784146,8.281636132911571e-17,8.881784197001252e-16,0.0164076974750058,6.999980866276411,7.0,0.0,266.2884318983328,8.0,0.0011505893908239262,8.035505124253111,121.59773059138999,18.41030115325772,0.030133144215949165,3.0532576863796663,1
20.0,89.86536636785216,90.0,0.13463363214784146,8.281636132911571e-17,8.881784197001252e-16,0.0164076974750058,6.999980866276411,7.0,0.0,266.2884318983328,8.0,0.0011505893908239262,8.035505124253111,121.59773059138999,18.41030115325772,0.030133144215949165,3.0532576863796663,1
20.1,89.86536636785216,90.0,0.13463363214784146,8.281636132911571e-17,8.881784197001252e-16,0.0164076974750058,6.999980866276411,7.0,0.0,266.2884318983328,8.0,0.0011505893908239262,8.035505124253111,121.59773059138999,18.41030115325772,0.030133144215949165,3.0532576863796663,1
20.200000000000003,89.86536636785216,90.0,0.13463363214784146,8.281636132911571e-17,8.881784197001252e-16,0.0164076974750058,6.999980866276411,7.0,0.0,266.2884318983328,8.0,0.0011505893908239262,8.035505124253111,121.59773059138999,18.41030115325772,0.030133144215949165,3.0532576863796663,1
20.3,89.86536636785216,90.0,0.13463363214784146,8.281636132911571e-17,8.881784197001252e-16,0.0164076974750058,6.999980866276411,7.0,0.0,266.2884318983328,8.0,0.0011505893908239262,8.035505124253111,121.59773059138999,18.41030115325772,0.030133144215949165,3.0532576863796663,1
20.400000000000002,89.86536636785216,90.0,0.13463363214784146,8.281636132911571e-17,8.881784197001252e-16,0.0164076974750058,6.999980866276411,7.0,0.0,266.2884318983328,8.0,0.0011505893908239262,8.035505124253111,121.59773059138999,18.41030115325772,0.030133144215949165,3.0532576863796663,1
20.5,89.86536636785216,90.0,0.13463363214784146,8.281636132911571e-17,8.881784197001252e-16,0.0164076974750058,6.999980866276411,7.0,0.0,266.2884318983328,8.0,0.0011505893908239262,8.035505124253111,121.59773059138999,18.41030115325772,0.030133144215949165,3.0532576863796663,1
20.6,89.86536636785216,90.0,0.13463363214784146,8.281636132911571e-17,8.881784197001252e-16,0.0164076974750058,6.999980866276411,7.0,0.0,266.2884318983328,8.0,0.0011505893908239262,8.035505124253111,121.59773059138999,18.41030115325772,0.030133144215949165,3.0532576863796663,1
20.700000000000003,89.86536636785216,90.0,0.13463363214784146,8.281636132911571e-17,8.881784197001252e-16,0.0164076974750058,6.999980866276411,7.0,0.0,266.2884318983328,8.0,0.0011505893908239262,8.035505124253111,121.59773059138999,18.41030115325772,0.030133144215949165,3.0532576863796663,1
20.8,89.86536636785216,90.0,0.13463363214784146,8.281636132911571e-17,8.881784197001252e-16,0.0164076974750058,6.999980866276411,7.0,0.0,266.2884318983328,8.0,0.0011505893908239262,8.035505124253111,121.59773059138999,18.41030115325772,0.030133144215949165,3.0532576863796663,1
20.900000000000002,89.86536636785216,90.0,0.13463363214784146,8.281636132911571e-17,8.881784197001252e-16,0.0164076974750058,6.999980866276411,7.0,0.0,266.2884318983328,8.0,0.0011505893908239262,8.035505124253111,121.59773059138999,18.41030115325772,0.030133144215949165,3.0532576863796663,1
21.0,89.86536636785216,90.0,0.13463363214784146,8.281636132911571e-17,8.881784197001252e-16,0.0164076974750058,6.999980866276411,7.0,0.0,266.2884318983328,8.0,0.0011505893908239262,8.035505124253111,121.59773059138999,18.41030115325772,0.030133144215949165,3.0532576863796663,1
21.1,89.86536636785216,90.0,0.13463363214784146,8.281636132911571e-17,8.881784197001252e-16,0.0164076974750058,6.999980866276411,7.0,0.0,266.2884318983328,8.0,0.0011505893908239262,8.035505124253111,121.59773059138999,18.41030115325772,0.030133144215949165,3.0532576863796663,1
21.200000000000003,89.86536636785216,90.0,0.13463363214784146,8.281636132911571e-17,8.881784197001252e-16,0.0164076974750058,6.999980866276411,7.0,0.0,266.2884318983328,8.0,0.0011505893908239262,8.035505124253111,121.59773059138999,18.41030115325772,0.030133144215949165,3.0532576863796663,1
21.3,89.86536636785216,90.0,0.13463363214784146,8.281636132911571e-17,8.881784197001252e-16,0.0164076974750058,6.999980866276411,7.0,0.0,266.2884318983328,8.0,0.0011505893908239262,8.035505124253111,121.59773059138999,18.41030115325772,0.030133144215949165,3.0532576863796663,1
21.400000000000002,89.86536636785216,90.0,0.13463363214784146,8.281636132911571e-17,8.881784197001252e-16,0.0164076974750058,6.999980866276411,7.0,0.0,266.2884318983328,8.0,0.0011505893908239262,8.035505124253111,121.59773059138999,18.41030115325772,0.030133144215949165,3.0532576863796663,1
21.5,89.86536636785216,90.0,0.13463363214784146,8.281636132911571e-17,8.881784197001252e-16,0.0164076974750058,6.999980866276411,7.0,0.0,266.2884318983328,8.0,0.0011505893908239262,8.035505124253111,121.59773059138999,18.41030115325772,0.030133144215949165,3.0532576863796663,1
21.6,89.86536636785216,90.0,0.13463363214784146,8.281636132911571e-17,8.881784197001252e-16,0.0164076974750058,6.999980866276411,7.0,0.0,266.2884318983328,8.0,0.0011505893908239262,8.035505124253111,121.59773059138999,18.41030115325772,0.030133144215949165,3.0532576863796663,1
21.700000000000003,89.86536636785216,90.0,0.13463363214784146,8.281636132911571e-17,8.881784197001252e-16,0.0164076974750058,6.999980866276411,7.0,0.0,266.2884318983328,8.0,0.0011505893908239262,8.035505124253111,121.59773059138999,18.41030115325772,0.030133144215949165,3.0532576863796663,1
21.8,89.86536636785216,90.0,0.13463363214784146,8.281636132911571e-17,8.881784197001252e-16,0.0164076974750058,6.999980866276411,7.0,0.0,266.2884318983328,8.0,0.0011505893908239262,8.035505124253111,121.59773059138999,18.41030115325772,0.030133144215949165,3.0532576863796663,1
21.900000000000002,89.86536636785216,90.0,0.13463363214784146,8.281636132911571e-17,8.881784197001252e-16,0.0164076974750058,6.999980866276411,7.0,0.0,266.2884318983328,8.0,0.0011505893908239262,8.035505124253111,121.59773059138999,18.41030115325772,0.030133144215949165,3.0532576863796663,1
22.0,89.86536636785216,90.0,0.13463363214784146,8.281636132911571e-17,8.881784197001252e-16,0.0164076974750058,6.999980866276411,7.0,0.0,266.2884318983328,8.0,0.0011505893908239262,8.035505124253111,121.59773059138999,18.41030115325772,0.030133144215949165,3.0532576863796663,1
22.1,89.86536636785216,90.0,0.13463363214784146,8.281636132911571e-17,8.881784197001252e-16,0.0164076974750058,6.999980866276411,7.0,0.0,266.2884318983328,8.0,0.0011505893908239262,8.035505124253111,121.59773059138999,18.41030115325772,0.030133144215949165,3.0532576863796663,1
22.200000000000003,89.86536636785216,90.0,0.13463363214784146,8.281636132911571e-17,8.881784197001252e-16,0.0164076974750058,6.999980866276411,7.0,0.0,266.2884318983328,8.0,0.0011505893908239262,8.035505124253111,121.59773059138999,18.41030115325772,0.030133144215949165,3.0532576863796663,1
22.3,89.86536636785216,90.0,0.13463363214784146,8.281636132911571e-17,8.881784197001252e-16,0.0164076974750058,6.999980866276411,7.0,0.0,266.2884318983328,8.0,0.0011505893908239262,8.035505124253111,121.59773059138999,18.41030115325772,0.030133144215949165,3.0532576863796663,1
22.400000000000002,89.86536636785216,90.0,0.13463363214784146,8.281636132911571e-17,8.881784197001252e-16,0.0164076974750058,6.999980866276411,7.0,0.0,266.2884318983328,8.0,0.0011505893908239262,8.035505124253111,121.59773059138999,18.41030115325772,0.030133144215949165,3.0532576863796663,1
22.5,89.86536636785216,90.0,0.13463363214784146,8.281636132911571e-17,8.881784197001252e-16,0.0164076974750058,6.999980866276411,7.0,0.0,266.2884318983328,8.0,0.0011505893908239262,8.035505124253111,121.59773059138999,18.41030115325772,0.030133144215949165,3.0532576863796663,1
22.6,89.86536636785216,90.0,0.13463363214784146,8.281636132911571e-17,8.881784197001252e-16,0.0164076974750058,6.999980866276411,7.0,0.0,266.2884318983328,8.0,0.0011505893908239262,8.035505124253111,121.59773059138999,18.41030115325772,0.030133144215949165,3.0532576863796663,1
22.700000000000003,89.86536636785216,90.0,0.13463363214784146,8.281636132911571e-17,8.881784197001252e-16,0.0164076974750058,6.999980866276411,7.0,0.0,266.2884318983328,8.0,0.0011505893908239262,8.035505124253111,121.59773059138999,18.41030115325772,0.030133144215949165,3.0532576863796663,1
22.8,89.86536636785216,90.0,0.13463363214784146,8.281636132911571e-17,8.881784197001252e-16,0.0164076974750058,6.999980866276411,7.0,0.0,266.2884318983328,8.0,0.0011505893908239262,8.035505124253111,121.59773059138999,18.41030115325772,0.030133144215949165,3.0532576863796663,1
22.900000000000002,89.86536636785216,90.0,0.13463363214784146,8.281636132911571e-17,8.881784197001252e-16,0.0164076974750058,6.999980866276411,7.0,0.0,266.2884318983328,8.0,0.0011505893908239262,8.035505124253111,121.59773059138999,18.41030115325772,0.030133144215949165,3.0532576863796663,1
23.0,89.86536636785216,90.0,0.13463363214784146,8.281636132911571e-17,8.881784197001252e-16,0.0164076974750058,6.999980866276411,7.0,0.0,266.2884318983328,8.0,0.0011505893908239262,8.035505124253111,121.59773059138999,18.41030115325772,0.030133144215949165,3.0532576863796663,1
23.1,89.86536636785216,90.0,0.13463363214784146,8.281636132911571e-17,8.881784197001252e-16,0.0164076974750058,6.999980866276411,7.0,0.0,266.2884318983328,8.0,0.0011505893908239262,8.035505124253111,121.59773059138999,18.41030115325772,0.030133144215949165,3.0532576863796663,1
23.200000000000003,89.86536636785216,90.0,0.13463363214784146,8.281636132911571e-17,8.881784197001252e-16,0.0164076974750058,6.999980866276411,7.0,0.0,266.2884318983328,8.0,0.0011505893908239262,8.035505124253111,121.59773059138999,18.41030115325772,0.030133144215949165,3.0532576863796663,1
23.3,89.86536636785216,90.0,0.13463363214784146,8.281636132911571e-17,8.881784197001252e-16,0.0164076974750058,6.999980866276411,7.0,0.0,266.2884318983328,8.0,0.0011505893908239262,8.035505124253111,121.59773059138999,18.41030115325772,0.030133144215949165,3.0532576863796663,1
23.400000000000002,89.86536636785216,90.0,0.13463363214784146,8.281636132911571e-17,8.881784197001252e-16,0.0164076974750058,6.999980866276411,7.0,0.0,266.2884318983328,8.0,0.0011505893908239262,8.035505124253111,121.59773059138999,18.41030115325772,0.030133144215949165,3.0532576863796663,1
23.5,89.86536636785216,90.0,0.13463363214784146,8.281636132911571e-17,8.881784197001252e-16,0.0164076974750058,6.999980866276411,7.0,0.0,266.2884318983328,8.0,0.0011505893908239262,8.035505124253111,121.59773059138999,18.41030115325772,0.030133144215949165,3.0532576863796663,1
23.6,89.86536636785216,90.0,0.13463363214784146,8.281636132911571e-17,8.881784197001252e-16,0.0164076974750058,6.999980866276411,7.0,0.0,266.2884318983328,8.0,0.0011505893908239262,8.035505124253111,121.59773059138999,18.41030115325772,0.030133144215949165,3.0532576863796663,1
23.700000000000003,89.86536636785216,90.0,0.13463363214784146,8.281636132911571e-17,8.881784197001252e-16,0.0164076974750058,6.999980866276411,7.0,0.0,266.2884318983328,8.0,0.0011505893908239262,8.035505124253111,121.59773059138999,18.41030115325772,0.030133144215949165,3.0532576863796663,1
23.8,89.86536636785216,90.0,0.13463363214784146,8.281636132911571e-17,8.881784197001252e-16,0.0164076974750058,6.999980866276411,7.0,0.0,266.2884318983328,8.0,0.0011505893908239262,8.035505124253111,121.59773059138999,18.41030115325772,0.030133144215949165,3.0532576863796663,1
23.900000000000002,89.86536636785216,90.0,0.13463363214784146,8.281636132911571e-17,8.881784197001252e-16,0.0164076974750058,6.999980866276411,7.0,0.0,266.2884318983328,8.0,0.0011505893908239262,8.035505124253111,121.59773059138999,18.41030115325772,0.030133144215949165,3.0532576863796663,1
24.0,89.86536636785216,90.0,0.13463363214784146,8.281636132911571e-17,8.881784197001252e-16,0.0164076974750058,6.999980866276411,7.0,0.0,266.2884318983328,8.0,0.0011505893908239262,8.035505124253111,121.59773059138999,18.41030115325772,0.030133144215949165,3.0532576863796663,1
24.1,89.86536636785216,90.0,0.13463363214784146,8.281636132911571e-17,8.881784197001252e-16,0.0164076974750058,6.999980866276411,7.0,0.0,266.2884318983328,8.0,0.0011505893908239262,8.035505124253111,121.59773059138999,18.41030115325772,0.030133144215949165,3.0532576863796663,1
24.200000000000003,89.86536636785216,90.0,0.13463363214784146,8.281636132911571e-17,8.881784197001252e-16,0.0164076974750058,6.999980866276411,7.0,0.0,266.2884318983328,8.0,0.0011505893908239262,8.035505124253111,121.59773059138999,18.41030115325772,0.030133144215949165,3.0532576863796663,1
24.3,89.86536636785216,90.0,0.13463363214784146,8.281636132911571e-17,8.881784197001252e-16,0.0164076974750058,6.999980866276411,7.0,0.0,266.2884318983328,8.0,0.0011505893908239262,8.035505124253111,121.59773059138999,18.41030115325772,0.030133144215949165,3.0532576863796663,1
24.400000000000002,89.86536636785216,90.0,0.13463363214784146,8.281636132911571e-17,8.881784197001252e-16,0.0164076974750058,6.999980866276411,7.0,0.0,266.2884318983328,8.0,0.0011505893908239262,8.035505124253111,121.59773059138999,18.41030115325772,0.030133144215949165,3.0532576863796663,1
24.5,89.86536636785216,90.0,0.13463363214784146,8.281636132911571e-17,8.881784197001252e-16,0.0164076974750058,6.999980866276411,7.0,0.0,266.2884318983328,8.0,0.0011505893908239262,8.035505124253111,121.59773059138999,18.41030115325772,0.030133144215949165,3.0532576863796663,1
24.6,89.86536636785216,90.0,0.13463363214784146,8.281636132911571e-17,8.881784197001252e-16,0.0164076974750058,6.999980866276411,7.0,0.0,266.2884318983328,8.0,0.0011505893908239262,8.035505124253111,121.59773059138999,18.41030115325772,0.030133144215949165,3.0532576863796663,1
24.700000000000003,89.86536636785216,90.0,0.13463363214784146,8.281636132911571e-17,8.881784197001252e-16,0.0164076974750058,6.999980866276411,7.0,0.0,266.2884318983328,8.0,0.0011505893908239262,8.035505124253111,121.59773059138999,18.41030115325772,0.030133144215949165,3.0532576863796663,1
24.8,89.86536636785216,90.0,0.13463363214784146,8.281636132911571e-17,8.881784197001252e-16,0.0164076974750058,6.999980866276411,7.0,0.0,266.2884318983328,8.0,0.0011505893908239262,8.035505124253111,121.59773059138999,18.41030115325772,0.030133144215949165,3.0532576863796663,1
24.900000000000002,89.86536636785216,90.0,0.13463363214784146,8.281636132911571e-17,8.881784197001252e-16,0.0164076974750058,6.999980866276411,7.0,0.0,266.2884318983328,8.0,0.0011505893908239262,8.035505124253111,121.59773059138999,18.41030115325772,0.030133144215949165,3.0532576863796663,1
25.0,89.86536636785216,90.0,0.13463363214784146,8.281636132911571e-17,8.881784197001252e-16,0.0164076974750058,6.999980866276411,7.0,0.0,266.2884318983328,8.0,0.0011505893908239262,8.035505124253111,121.59773059138999,18.41030115325772,0.030133144215949165,3.0532576863796663,1
25.1,89.86536636785216,90.0,0.13463363214784146,8.281636132911571e-17,8.881784197001252e-16,0.0164076974750058,6.999980866276411,7.0,0.0,266.2884318983328,8.0,0.0011505893908239262,8.035505124253111,121.59773059138999,18.41030115325772,0.030133144215949165,3.0532576863796663,1
25.200000000000003,89.86536636785216,90.0,0.13463363214784146,8.281636132911571e-17,8.881784197001252e-16,0.0164076974750058,6.999980866276411,7.0,0.0,266.2884318983328,8.0,0.0011505893908239262,8.035505124253111,121.59773059138999,18.41030115325772,0.030133144215949165,3.0532576863796663,1
25.3,89.86536636785216,90.0,0.13463363214784146,8.281636132911571e-17,8.881784197001252e-16,0.0164076974750058,6.999980866276411,7.0,0.0,266.2884318983328,8.0,0.0011505893908239262,8.035505124253111,121.59773059138999,18.41030115325772,0.030133144215949165,3.0532576863796663,1
25.400000000000002,89.86536636785216,90.0,0.13463363214784146,8.281636132911571e-17,8.881784197001252e-16,0.0164076974750058,6.999980866276411,7.0,0.0,266.2884318983328,8.0,0.0011505893908239262,8.035505124253111,121.59773059138999,18.41030115325772,0.030133144215949165,3.0532576863796663,1
25.5,89.86536636785216,90.0,0.13463363214784146,8.281636132911571e-17,8.881784197001252e-16,0.0164076974750058,6.999980866276411,7.0,0.0,266.2884318983328,8.0,0.0011505893908239262,8.035505124253111,121.59773059138999,18.41030115325772,0.030133144215949165,3.0532576863796663,1
25.6,89.86536636785216,90.0,0.13463363214784146,8.281636132911571e-17,8.881784197001252e-16,0.0164076974750058,6.999980866276411,7.0,0.0,266.2884318983328,8.0,0.0011505893908239262,8.035505124253111,121.59773059138999,18.41030115325772,0.030133144215949165,3.0532576863796663,1
25.700000000000003,89.86536636785216,90.0,0.13463363214784146,8.281636132911571e-17,8.881784197001252e-16,0.0164076974750058,6.999980866276411,7.0,0.0,266.2884318983328,8.0,0.0011505893908239262,8.035505124253111,121.59773059138999,18.41030115325772,0.030133144215949165,3.0532576863796663,1
25.8,89.86536636785216,90.0,0.13463363214784146,8.281636132911571e-17,8.881784197001252e-16,0.0164076974750058,6.999980866276411,7.0,0.0,266.2884318983328,8.0,0.0011505893908239262,8.035505124253111,121.59773059138999,18.41030115325772,0.030133144215949165,3.0532576863796663,1
25.900000000000002,89.86536636785216,90.0,0.13463363214784146,8.281636132911571e-17,8.881784197001252e-16,0.0164076974750058,6.999980866276411,7.0,0.0,266.2884318983328,8.0,0.0011505893908239262,8.035505124253111,121.59773059138999,18.41030115325772,0.030133144215949165,3.0532576863796663,1
26.0,89.86536636785216,90.0,0.13463363214784146,8.281636132911571e-17,8.881784197001252e-16,0.0164076974750058,6.999980866276411,7.0,0.0,266.2884318983328,8.0,0.0011505893908239262,8.035505124253111,121.59773059138999,18.41030115325772,0.030133144215949165,3.0532576863796663,1
26.1,89.86536636785216,90.0,0.13463363214784146,8.281636132911571e-17,8.881784197001252e-16,0.0164076974750058,6.999980866276411,7.0,0.0,266.2884318983328,8.0,0.0011505893908239262,8.035505124253111,121.59773059138999,18.41030115325772,0.030133144215949165,3.0532576863796663,1
26.200000000000003,89.86536636785216,90.0,0.13463363214784146,8.281636132911571e-17,8.881784197001252e-16,0.0164076974750058,6.999980866276411,7.0,0.0,266.2884318983328,8.0,0.0011505893908239262,8.035505124253111,121.59773059138999,18.41030115325772,0.030133144215949165,3.0532576863796663,1
26.3,89.86536636785216,90.0,0.13463363214784146,8.281636132911571e-17,8.881784197001252e-16,0.0164076974750058,6.999980866276411,7.0,0.0,266.2884318983328,8.0,0.0011505893908239262,8.035505124253111,121.59773059138999,18.41030115325772,0.030133144215949165,3.0532576863796663,1
26.400000000000002,89.86536636785216,90.0,0.13463363214784146,8.281636132911571e-17,8.881784197001252e-16,0.0164076974750058,6.999980866276411,7.0,0.0,266.2884318983328,8.0,0.0011505893908239262,8.035505124253111,121.59773059138999,18.41030115325772,0.030133144215949165,3.0532576863796663,1
26.5,89.86536636785216,90.0,0.13463363214784146,8.281636132911571e-17,8.881784197001252e-16,0.0164076974750058,6.999980866276411,7.0,0.0,266.2884318983328,8.0,0.0011505893908239262,8.035505124253111,121.59773059138999,18.41030115325772,0.030133144215949165,3.0532576863796663,1
26.6,89.86536636785216,90.0,0.13463363214784146,8.281636132911571e-17,8.881784197001252e-16,0.0164076974750058,6.999980866276411,7.0,0.0,266.2884318983328,8.0,0.0011505893908239262,8.035505124253111,121.59773059138999,18.41030115325772,0.030133144215949165,3.0532576863796663,1
26.700000000000003,89.86536636785216,90.0,0.13463363214784146,8.281636132911571e-17,8.881784197001252e-16,0.0164076974750058,6.999980866276411,7.0,0.0,266.2884318983328,8.0,0.0011505893908239262,8.035505124253111,121.59773059138999,18.41030115325772,0.030133144215949165,3.0532576863796663,1
26.8,89.86536636785216,90.0,0.13463363214784146,8.281636132911571e-17,8.881784197001252e-16,0.0164076974750058,6.999980866276411,7.0,0.0,266.2884318983328,8.0,0.0011505893908239262,8.035505124253111,121.59773059138999,18.41030115325772,0.030133144215949165,3.0532576863796663,1
26.900000000000002,89.86536636785216,90.0,0.13463363214784146,8.281636132911571e-17,8.881784197001252e-16,0.0164076974750058,6.999980866276411,7.0,0.0,266.2884318983328,8.0,0.0011505893908239262,8.035505124253111,121.59773059138999,18.41030115325772,0.030133144215949165,3.0532576863796663,1
27.0,89.86536636785216,90.0,0.13463363214784146,8.281636132911571e-17,8.881784197001252e-16,0.0164076974750058,6.999980866276411,7.0,0.0,266.2884318983328,8.0,0.0011505893908239262,8.035505124253111,121.59773059138999,18.41030115325772,0.030133144215949165,3.0532576863796663,1
27.1,89.86536636785216,90.0,0.13463363214784146,8.281636132911571e-17,8.881784197001252e-16,0.0164076974750058,6.999980866276411,7.0,0.0,266.2884318983328,8.0,0.0011505893908239262,8.035505124253111,121.59773059138999,18.41030115325772,0.030133144215949165,3.0532576863796663,1
27.200000000000003,89.86536636785216,90.0,0.13463363214784146,8.281636132911571e-17,8.881784197001252e-16,0.0164076974750058,6.999980866276411,7.0,0.0,266.2884318983328,8.0,0.0011505893908239262,8.035505124253111,121.59773059138999,18.41030115325772,0.030133144215949165,3.0532576863796663,1
27.3,89.86536636785216,90.0,0.13463363214784146,8.281636132911571e-17,8.881784197001252e-16,0.0164076974750058,6.999980866276411,7.0,0.0,266.2884318983328,8.0,0.0011505893908239262,8.035505124253111,121.59773059138999,18.41030115325772,0.030133144215949165,3.0532576863796663,1
27.400000000000002,89.86536636785216,90.0,0.13463363214784146,8.281636132911571e-17,8.881784197001252e-16,0.0164076974750058,6.999980866276411,7.0,0.0,266.2884318983328,8.0,0.0011505893908239262,8.035505124253111,121.59773059138999,18.41030115325772,0.030133144215949165,3.0532576863796663,1
27.5,89.86536636785216,90.0,0.13463363214784146,8.281636132911571e-17,8.881784197001252e-16,0.0164076974750058,6.999980866276411,7.0,0.0,266.2884318983328,8.0,0.0011505893908239262,8.035505124253111,121.59773059138999,18.41030115325772,0.030133144215949165,3.0532576863796663,1
27.6,89.86536636785216,90.0,0.13463363214784146,8.281636132911571e-17,8.881784197001252e-16,0.0164076974750058,6.999980866276411,7.0,0.0,266.2884318983328,8.0,0.0011505893908239262,8.035505124253111,121.59773059138999,18.41030115325772,0.030133144215949165,3.0532576863796663,1
27.700000000000003,89.86536636785216,90.0,0.13463363214784146,8.281636132911571e-17,8.881784197001252e-16,0.0164076974750058,6.999980866276411,7.0,0.0,266.2884318983328,8.0,0.0011505893908239262,8.035505124253111,121.59773059138999,18.41030115325772,0.030133144215949165,3.0532576863796663,1
27.8,89.86536636785216,90.0,0.13463363214784146,8.281636132911571e-17,8.881784197001252e-16,0.0164076974750058,6.999980866276411,7.0,0.0,266.2884318983328,8.0,0.0011505893908239262,8.035505124253111,121.59773059138999,18.41030115325772,0.030133144215949165,3.0532576863796663,1
27.900000000000002,89.86536636785216,90.0,0.13463363214784146,8.281636132911571e-17,8.881784197001252e-16,0.0164076974750058,6.999980866276411,7.0,0.0,266.2884318983328,8.0,0.0011505893908239262,8.035505124253111,121.59773059138999,18.41030115325772,0.030133144215949165,3.0532576863796663,1
28.0,89.86536636785216,90.0,0.13463363214784146,8.281636132911571e-17,8.881784197001252e-16,0.0164076974750058,6.999980866276411,7.0,0.0,266.2884318983328,8.0,0.0011505893908239262,8.035505124253111,121.59773059138999,18.41030115325772,0.030133144215949165,3.0532576863796663,1
28.1,89.86536636785216,90.0,0.13463363214784146,8.281636132911571e-17,8.881784197001252e-16,0.0164076974750058,6.999980866276411,7.0,0.0,266.2884318983328,8.0,0.0011505893908239262,8.035505124253111,121.59773059138999,18.41030115325772,0.030133144215949165,3.0532576863796663,1
28.200000000000003,89.86536636785216,90.0,0.13463363214784146,8.281636132911571e-17,8.881784197001252e-16,0.0164076974750058,6.999980866276411,7.0,0.0,266.2884318983328,8.0,0.0011505893908239262,8.035505124253111,121.59773059138999,18.41030115325772,0.030133144215949165,3.0532576863796663,1
28.3,89.86536636785216,90.0,0.13463363214784146,8.281636132911571e-17,8.881784197001252e-16,0.0164076974750058,6.999980866276411,7.0,0.0,266.2884318983328,8.0,0.0011505893908239262,8.035505124253111,121.59773059138999,18.41030115325772,0.030133144215949165,3.0532576863796663,1
28.400000000000002,89.86536636785216,90.0,0.13463363214784146,8.281636132911571e-17,8.881784197001252e-16,0.0164076974750058,6.999980866276411,7.0,0.0,266.2884318983328,8.0,0.0011505893908239262,8.035505124253111,121.59773059138999,18.41030115325772,0.030133144215949165,3.0532576863796663,1
28.5,89.86536636785216,90.0,0.13463363214784146,8.281636132911571e-17,8.881784197001252e-16,0.0164076974750058,6.999980866276411,7.0,0.0,266.2884318983328,8.0,0.0011505893908239262,8.035505124253111,121.59773059138999,18.41030115325772,0.030133144215949165,3.0532576863796663,1
28.6,89.86536636785216,90.0,0.13463363214784146,8.281636132911571e-17,8.881784197001252e-16,0.0164076974750058,6.999980866276411,7.0,0.0,266.2884318983328,8.0,0.0011505893908239262,8.035505124253111,121.59773059138999,18.41030115325772,0.030133144215949165,3.0532576863796663,1
28.700000000000003,89.86536636785216,90.0,0.13463363214784146,8.281636132911571e-17,8.881784197001252e-16,0.0164076974750058,6.999980866276411,7.0,0.0,266.2884318983328,8.0,0.0011505893908239262,8.035505124253111,121.59773059138999,18.41030115325772,0.030133144215949165,3.0532576863796663,1
28.8,89.86536636785216,90.0,0.13463363214784146,8.281636132911571e-17,8.881784197001252e-16,0.0164076974750058,6.999980866276411,7.0,0.0,266.2884318983328,8.0,0.0011505893908239262,8.035505124253111,121.59773059138999,18.41030115325772,0.030133144215949165,3.0532576863796663,1
28.900000000000002,89.86536636785216,90.0,0.13463363214784146,8.281636132911571e-17,8.881784197001252e-16,0.0164076974750058,6.999980866276411,7.0,0.0,266.2884318983328,8.0,0.0011505893908239262,8.035505124253111,121.59773059138999,18.41030115325772,0.030133144215949165,3.0532576863796663,1
29.0,89.86536636785216,90.0,0.13463363214784146,8.281636132911571e-17,8.881784197001252e-16,0.0164076974750058,6.999980866276411,7.0,0.0,266.2884318983328,8.0,0.0011505893908239262,8.035505124253111,121.59773059138999,18.41030115325772,0.030133144215949165,3.0532576863796663,1
29.1,89.86536636785216,90.0,0.13463363214784146,8.281636132911571e-17,8.881784197001252e-16,0.0164076974750058,6.999980866276411,7.0,0.0,266.2884318983328,8.0,0.0011505893908239262,8.035505124253111,121.59773059138999,18.41030115325772,0.030133144215949165,3.0532576863796663,1
29.200000000000003,89.86536636785216,90.0,0.13463363214784146,8.281636132911571e-17,8.881784197001252e-16,0.0164076974750058,6.999980866276411,7.0,0.0,266.2884318983328,8.0,0.0011505893908239262,8.035505124253111,121.59773059138999,18.41030115325772,0.030133144215949165,3.0532576863796663,1
29.3,89.86536636785216,90.0,0.13463363214784146,8.281636132911571e-17,8.881784197001252e-16,0.0164076974750058,6.999980866276411,7.0,0.0,266.2884318983328,8.0,0.0011505893908239262,8.035505124253111,121.59773059138999,18.41030115325772,0.030133144215949165,3.0532576863796663,1
29.400000000000002,89.86536636785216,90.0,0.13463363214784146,8.281636132911571e-17,8.881784197001252e-16,0.0164076974750058,6.999980866276411,7.0,0.0,266.2884318983328,8.0,0.0011505893908239262,8.035505124253111,121.59773059138999,18.41030115325772,0.030133144215949165,3.0532576863796663,1
29.5,89.86536636785216,90.0,0.13463363214784146,8.281636132911571e-17,8.881784197001252e-16,0.0164076974750058,6.999980866276411,7.0,0.0,266.2884318983328,8.0,0.0011505893908239262,8.035505124253111,121.59773059138999,18.41030115325772,0.030133144215949165,3.0532576863796663,1
29.6,89.86536636785216,90.0,0.13463363214784146,8.281636132911571e-17,8.881784197001252e-16,0.0164076974750058,6.999980866276411,7.0,0.0,266.2884318983328,8.0,0.0011505893908239262,8.035505124253111,121.59773059138999,18.41030115325772,0.030133144215949165,3.0532576863796663,1
29.700000000000003,89.86536636785216,90.0,0.13463363214784146,8.281636132911571e-17,8.881784197001252e-16,0.0164076974750058,6.999980866276411,7.0,0.0,266.2884318983328,8.0,0.0011505893908239262,8.035505124253111,121.59773059138999,18.41030115325772,0.030133144215949165,3.0532576863796663,1
29.8,89.86536636785216,90.0,0.13463363214784146,8.281636132911571e-17,8.881784197001252e-16,0.0164076974750058,6.999980866276411,7.0,0.0,266.2884318983328,8.0,0.0011505893908239262,8.035505124253111,121.59773059138999,18.41030115325772,0.030133144215949165,3.0532576863796663,1
29.900000000000002,89.86536636785216,90.0,0.13463363214784146,8.281636132911571e-17,8.881784197001252e-16,0.0164076974750058,6.999980866276411,7.0,0.0,266.2884318983328,8.0,0.0011505893908239262,8.035505124253111,121.59773059138999,18.41030115325772,0.030133144215949165,3.0532576863796663,1
30.0,89.86536636785216,90.0,0.13463363214784146,8.281636132911571e-17,8.881784197001252e-16,0.0164076974750058,6.999980866276411,7.0,0.0,266.2884318983328,8.0,0.0011505893908239262,8.035505124253111,121.59773059138999,18.41030115325772,0.030133144215949165,3.0532576863796663,1
